id,name,description,skill_icon,effect_type,max_cast_round,effect_continue_round,effect_possibility,cast_target_type,cast_target_element_type,element_type,effect_value_min,effect_value_max,probability,impact_count,impact_type,range,sub_skills,en_cost,priority,addition_effects,duration,active,cooldown,shoot_move_type,shoot_move_speed,is_remote,hit_range,hit_check_radiu
1,戦闘中、パーティーメンバーの<i><color=#00ffffcc>攻撃力</color></i>が<i><color=#00ffffcc>30%</color></i>上昇,戦闘中、パーティーメンバーの<i><color=#00ffffcc>攻撃力</color></i>が<i><color=#00ffffcc>30%</color></i>上昇,icon_skill_3,1,0,10,0,4,-1,0,3000,3000,10000,99,0,30,0,200,1000,0,2,1,2,,10,1,2,
10001,当方小隊の<i><color=#00ffffcc>リーダー</color></i>は攻撃力が<i><color=#00ffffcc>30%</color></i>上昇,当方小隊の<i><color=#00ffffcc>リーダー</color></i>は攻撃力が<i><color=#00ffffcc>30%</color></i>上昇,icon_skill_3,1,0,10,0,5,-1,0,3000,3000,10000,99,0,30,0,200,1000,0,2,1,30,,10,1,2,
10101,当方小隊の<i><color=#00ffffcc>2体</color></i>は攻撃力が<i><color=#00ffffcc>30%</color></i>上昇,当方小隊の<i><color=#00ffffcc>2体</color></i>は攻撃力が<i><color=#00ffffcc>30%</color></i>上昇,icon_skill_3,1,0,10,0,4,-1,0,3000,3000,10000,2,0,30,0,200,1000,0,2,1,2,,10,1,2,
10201,当方小隊の<i><color=red><size=20>赤</size></color></i>属性<i><color=#00ffffcc>2体</color></i>は攻撃力が<i><color=#00ffffcc>30%</color></i>上昇,当方小隊の<i><color=red><size=20>赤</size></color></i>属性<i><color=#00ffffcc>2体</color></i>は攻撃力が<i><color=#00ffffcc>30%</color></i>上昇,icon_skill_3,1,0,10,0,4,1,0,3000,3000,10000,2,0,30,0,200,1000,0,2,1,2,,10,1,2,
10301,当方小隊の<i><color=green><size=20>緑</size></color></i>属性<i><color=#00ffffcc>全体</color></i>は攻撃力が<i><color=#00ffffcc>30%</color></i>上昇,当方小隊の<i><color=green><size=20>緑</size></color></i>属性<i><color=#00ffffcc>全体</color></i>は攻撃力が<i><color=#00ffffcc>30%</color></i>上昇,icon_skill_3,1,0,10,0,4,2,0,3000,3000,10000,99,0,30,0,200,1000,0,2,1,2,,10,1,2,
10401,当方小隊の<i><color=blue><size=20>青</size></color></i>属性<i><color=#00ffffcc>全体</color></i>は攻撃力が<i><color=#00ffffcc>30%</color></i>上昇,当方小隊の<i><color=blue><size=20>青</size></color></i>属性<i><color=#00ffffcc>全体</color></i>は攻撃力が<i><color=#00ffffcc>30%</color></i>上昇,icon_skill_3,1,0,10,0,4,3,0,3000,3000,10000,99,0,30,0,200,1000,0,2,1,2,,10,1,2,
10501,当方小隊の<i><color=white><size=20>白</size></color></i>属性<i><color=#00ffffcc>全体</color></i>は攻撃力が<i><color=#00ffffcc>30%</color></i>上昇,当方小隊の<i><color=white><size=20>白</size></color></i>属性<i><color=#00ffffcc>全体</color></i>は攻撃力が<i><color=#00ffffcc>30%</color></i>上昇,icon_skill_3,1,0,10,0,4,4,0,3000,3000,10000,99,0,30,0,200,1000,0,2,1,2,,10,1,2,
10601,当方小隊の<i><color=black><size=20>黒</size></color></i>属性<i><color=#00ffffcc>全体</color></i>は攻撃力が<i><color=#00ffffcc>30%</color></i>上昇,当方小隊の<i><color=black><size=20>黒</size></color></i>属性<i><color=#00ffffcc>全体</color></i>は攻撃力が<i><color=#00ffffcc>30%</color></i>上昇,icon_skill_3,1,0,10,0,4,5,0,3000,3000,10000,99,0,30,0,200,1000,0,2,1,2,,10,1,2,
10701,当方小隊の<i><color=yellow><size=20>斬</size></color></i>属性<i><color=#00ffffcc>全体</color></i>は攻撃力が<i><color=#00ffffcc>30%</color></i>上昇,当方小隊の<i><color=yellow><size=20>斬</size></color></i>属性<i><color=#00ffffcc>全体</color></i>は攻撃力が<i><color=#00ffffcc>30%</color></i>上昇,icon_skill_3,1,0,10,0,4,6,0,3000,3000,10000,99,0,30,0,200,1000,0,2,1,2,,10,1,2,
10801,当方小隊の<i><color=#700000FF><size=20>壊</size></color></i>属性<i><color=#00ffffcc>全体</color></i>は攻撃力が<i><color=#00ffffcc>30%</color></i>上昇,当方小隊の<i><color=#700000FF><size=20>壊</size></color></i>属性<i><color=#00ffffcc>全体</color></i>は攻撃力が<i><color=#00ffffcc>30%</color></i>上昇,icon_skill_3,1,0,10,0,4,7,0,3000,3000,10000,99,0,30,0,200,1000,0,2,1,2,,10,1,2,
10901,当方小隊の<i><color=#9100FFFF><size=20>突</size></color></i>属性<i><color=#00ffffcc>全体</color></i>は攻撃力が<i><color=#00ffffcc>30%</color></i>上昇,当方小隊の<i><color=#9100FFFF><size=20>突</size></color></i>属性<i><color=#00ffffcc>全体</color></i>は攻撃力が<i><color=#00ffffcc>30%</color></i>上昇,icon_skill_3,1,0,10,0,4,8,0,3000,3000,10000,99,0,30,0,200,1000,0,2,1,2,,10,1,2,
11001,50%確率自身攻撃が30%アップ,50%確率自身攻撃が30%アップ,icon_skill_3,1,0,0,0,4,-1,0,3000,3000,5000,99,0,30,0,200,1000,0,2,1,2,,10,1,2,
2,当方小隊は<i><color=#00ffffcc>全部</color></i>防御力が<i><color=#00ffffcc>30%</color></i>上昇,当方小隊は<i><color=#00ffffcc>全部</color></i>防御力が<i><color=#00ffffcc>30%</color></i>上昇,icon_skill_3,2,0,10,0,4,-1,0,3000,3000,10000,99,0,30,0,200,1000,0,2,1,2,,10,1,2,
10002,当方小隊の<i><color=#00ffffcc>リーダー</color></i>は防御力が<i><color=#00ffffcc>30%</color></i>上昇,当方小隊の<i><color=#00ffffcc>リーダー</color></i>は防御力が<i><color=#00ffffcc>30%</color></i>上昇,icon_skill_3,1,0,10,0,5,-1,0,3000,3000,10000,99,0,30,0,200,1000,0,2,1,30,,10,1,2,
10102,当方小隊の<i><color=#00ffffcc>2体</color></i>は防御力が<i><color=#00ffffcc>30%</color></i>上昇,当方小隊の<i><color=#00ffffcc>2体</color></i>は防御力が<i><color=#00ffffcc>30%</color></i>上昇,icon_skill_3,1,0,10,0,4,-1,0,3000,3000,10000,2,0,30,0,200,1000,0,2,1,2,,10,1,2,
10202,当方小隊の<i><color=red><size=20>赤</size></color></i>属性<i><color=#00ffffcc>2体</color></i>は防御力が<i><color=#00ffffcc>30%</color></i>上昇,当方小隊の<i><color=red><size=20>赤</size></color></i>属性<i><color=#00ffffcc>2体</color></i>は防御力が<i><color=#00ffffcc>30%</color></i>上昇,icon_skill_3,2,0,10,0,4,1,0,3000,3000,10000,2,0,30,0,200,1000,0,2,1,2,,10,1,2,
10302,当方小隊の<i><color=green><size=20>緑</size></color></i>属性<i><color=#00ffffcc>全体</color></i>は防御力が<i><color=#00ffffcc>30%</color></i>上昇,当方小隊の<i><color=green><size=20>緑</size></color></i>属性<i><color=#00ffffcc>全体</color></i>は防御力が<i><color=#00ffffcc>30%</color></i>上昇,icon_skill_3,2,0,10,0,4,2,0,3000,3000,10000,99,0,30,0,200,1000,0,2,1,2,,10,1,2,
10402,当方小隊の<i><color=blue><size=20>青</size></color></i>属性<i><color=#00ffffcc>全体</color></i>は防御力が<i><color=#00ffffcc>30%</color></i>上昇,当方小隊の<i><color=blue><size=20>青</size></color></i>属性<i><color=#00ffffcc>全体</color></i>は防御力が<i><color=#00ffffcc>30%</color></i>上昇,icon_skill_3,2,0,10,0,4,3,0,3000,3000,10000,99,0,30,0,200,1000,0,2,1,2,,10,1,2,
10502,当方小隊の<i><color=white><size=20>白</size></color></i>属性<i><color=#00ffffcc>全体</color></i>は防御力が<i><color=#00ffffcc>30%</color></i>上昇,当方小隊の<i><color=white><size=20>白</size></color></i>属性<i><color=#00ffffcc>全体</color></i>は防御力が<i><color=#00ffffcc>30%</color></i>上昇,icon_skill_3,2,0,10,0,4,4,0,3000,3000,10000,99,0,30,0,200,1000,0,2,1,2,,10,1,2,
10602,当方小隊の<i><color=black><size=20>黒</size></color></i>属性<i><color=#00ffffcc>全体</color></i>は防御力が<i><color=#00ffffcc>30%</color></i>上昇,当方小隊の<i><color=black><size=20>黒</size></color></i>属性<i><color=#00ffffcc>全体</color></i>は防御力が<i><color=#00ffffcc>30%</color></i>上昇,icon_skill_3,2,0,10,0,4,5,0,3000,3000,10000,99,0,30,0,200,1000,0,2,1,2,,10,1,2,
10702,当方小隊の<i><color=yellow><size=20>斬</size></color></i>属性<i><color=#00ffffcc>全体</color></i>は防御力が<i><color=#00ffffcc>30%</color></i>上昇,当方小隊の<i><color=yellow><size=20>斬</size></color></i>属性<i><color=#00ffffcc>全体</color></i>は防御力が<i><color=#00ffffcc>30%</color></i>上昇,icon_skill_3,2,0,10,0,4,6,0,3000,3000,10000,99,0,30,0,200,1000,0,2,1,2,,10,1,2,
10802,当方小隊の<i><color=#700000FF><size=20>壊</size></color></i>属性<i><color=#00ffffcc>全体</color></i>は防御力が<i><color=#00ffffcc>30%</color></i>上昇,当方小隊の<i><color=#700000FF><size=20>壊</size></color></i>属性<i><color=#00ffffcc>全体</color></i>は防御力が<i><color=#00ffffcc>30%</color></i>上昇,icon_skill_3,2,0,10,0,4,7,0,3000,3000,10000,99,0,30,0,200,1000,0,2,1,2,,10,1,2,
10902,当方小隊の<i><color=#9100FFFF><size=20>突</size></color></i>属性<i><color=#00ffffcc>全体</color></i>は防御力が<i><color=#00ffffcc>30%</color></i>上昇,当方小隊の<i><color=#9100FFFF><size=20>突</size></color></i>属性<i><color=#00ffffcc>全体</color></i>は防御力が<i><color=#00ffffcc>30%</color></i>上昇,icon_skill_3,2,0,10,0,4,8,0,3000,3000,10000,99,0,30,0,200,1000,0,2,1,2,,10,1,2,
3,当方小隊は<i><color=#00ffffcc>全部</color></i>魔法攻撃力が<i><color=#00ffffcc>30%</color></i>上昇,当方小隊は<i><color=#00ffffcc>全部</color></i>魔法攻撃力が<i><color=#00ffffcc>30%</color></i>上昇,icon_skill_3,3,0,10,0,4,-1,0,3000,3000,10000,99,0,30,0,200,1000,0,2,1,2,,10,1,2,
10003,当方小隊の<i><color=#00ffffcc>リーダー</color></i>は魔法攻撃力が<i><color=#00ffffcc>30%</color></i>上昇,当方小隊の<i><color=#00ffffcc>リーダー</color></i>は魔法攻撃力が<i><color=#00ffffcc>30%</color></i>上昇,icon_skill_3,3,0,10,0,5,-1,0,3000,3000,10000,99,0,30,0,200,1000,0,2,1,30,,10,1,2,
10103,当方小隊の<i><color=#00ffffcc>2体</color></i>は魔法攻撃力が<i><color=#00ffffcc>30%</color></i>上昇,当方小隊の<i><color=#00ffffcc>2体</color></i>は魔法攻撃力が<i><color=#00ffffcc>30%</color></i>上昇,icon_skill_3,3,0,10,0,4,-1,0,3000,3000,10000,2,0,30,0,200,1000,0,2,1,2,,10,1,2,
10203,当方小隊の<i><color=red><size=20>赤</size></color></i>属性<i><color=#00ffffcc>2体</color></i>は魔法攻撃力が<i><color=#00ffffcc>30%</color></i>上昇,当方小隊の<i><color=red><size=20>赤</size></color></i>属性<i><color=#00ffffcc>2体</color></i>は魔法攻撃力が<i><color=#00ffffcc>30%</color></i>上昇,icon_skill_3,3,0,10,0,4,1,0,3000,3000,10000,2,0,30,0,200,1000,0,2,1,2,,10,1,2,
10303,当方小隊の<i><color=green><size=20>緑</size></color></i>属性<i><color=#00ffffcc>全体</color></i>は魔法攻撃力が<i><color=#00ffffcc>30%</color></i>上昇,当方小隊の<i><color=green><size=20>緑</size></color></i>属性<i><color=#00ffffcc>全体</color></i>は魔法攻撃力が<i><color=#00ffffcc>30%</color></i>上昇,icon_skill_3,3,0,10,0,4,2,0,3000,3000,10000,99,0,30,0,200,1000,0,2,1,2,,10,1,2,
10403,当方小隊の<i><color=blue><size=20>青</size></color></i>属性<i><color=#00ffffcc>全体</color></i>は魔法攻撃力が<i><color=#00ffffcc>30%</color></i>上昇,当方小隊の<i><color=blue><size=20>青</size></color></i>属性<i><color=#00ffffcc>全体</color></i>は魔法攻撃力が<i><color=#00ffffcc>30%</color></i>上昇,icon_skill_3,3,0,10,0,4,3,0,3000,3000,10000,99,0,30,0,200,1000,0,2,1,2,,10,1,2,
10503,当方小隊の<i><color=white><size=20>白</size></color></i>属性<i><color=#00ffffcc>全体</color></i>は魔法攻撃力が<i><color=#00ffffcc>30%</color></i>上昇,当方小隊の<i><color=white><size=20>白</size></color></i>属性<i><color=#00ffffcc>全体</color></i>は魔法攻撃力が<i><color=#00ffffcc>30%</color></i>上昇,icon_skill_3,3,0,10,0,4,4,0,3000,3000,10000,99,0,30,0,200,1000,0,2,1,2,,10,1,2,
10603,当方小隊の<i><color=black><size=20>黒</size></color></i>属性<i><color=#00ffffcc>全体</color></i>は魔法攻撃力が<i><color=#00ffffcc>30%</color></i>上昇,当方小隊の<i><color=black><size=20>黒</size></color></i>属性<i><color=#00ffffcc>全体</color></i>は魔法攻撃力が<i><color=#00ffffcc>30%</color></i>上昇,icon_skill_3,3,0,10,0,4,5,0,3000,3000,10000,99,0,30,0,200,1000,0,2,1,2,,10,1,2,
10703,当方小隊の<i><color=yellow><size=20>斬</size></color></i>属性<i><color=#00ffffcc>全体</color></i>は魔法攻撃力が<i><color=#00ffffcc>30%</color></i>上昇,当方小隊の<i><color=yellow><size=20>斬</size></color></i>属性<i><color=#00ffffcc>全体</color></i>は魔法攻撃力が<i><color=#00ffffcc>30%</color></i>上昇,icon_skill_3,3,0,10,0,4,6,0,3000,3000,10000,99,0,30,0,200,1000,0,2,1,2,,10,1,2,
10803,当方小隊の<i><color=#700000FF><size=20>壊</size></color></i>属性<i><color=#00ffffcc>全体</color></i>は魔法攻撃力が<i><color=#00ffffcc>30%</color></i>上昇,当方小隊の<i><color=#700000FF><size=20>壊</size></color></i>属性<i><color=#00ffffcc>全体</color></i>は魔法攻撃力が<i><color=#00ffffcc>30%</color></i>上昇,icon_skill_3,3,0,10,0,4,7,0,3000,3000,10000,99,0,30,0,200,1000,0,2,1,2,,10,1,2,
10903,当方小隊の<i><color=#9100FFFF><size=20>突</size></color></i>属性<i><color=#00ffffcc>全体</color></i>は魔法攻撃力が<i><color=#00ffffcc>30%</color></i>上昇,当方小隊の<i><color=#9100FFFF><size=20>突</size></color></i>属性<i><color=#00ffffcc>全体</color></i>は魔法攻撃力が<i><color=#00ffffcc>30%</color></i>上昇,icon_skill_3,3,0,10,0,4,8,0,3000,3000,10000,99,0,30,0,200,1000,0,2,1,2,,10,1,2,
11003,50%確率自身魔法攻撃力が30%アップする,50%確率自身魔法攻撃力が30%アップする,icon_skill_3,3,0,0,0,4,8,0,3000,3000,5000,99,0,30,0,200,1000,0,2,1,2,,10,1,2,
4,当方小隊は<i><color=#00ffffcc>全部</color></i>魔法防御力が<i><color=#00ffffcc>30%</color></i>上昇,当方小隊は<i><color=#00ffffcc>全部</color></i>魔法防御力が<i><color=#00ffffcc>30%</color></i>上昇,icon_skill_3,4,0,10,0,4,-1,0,3000,3000,10000,99,0,30,0,200,1000,0,2,1,2,,10,1,2,
10004,当方小隊の<i><color=#00ffffcc>リーダー</color></i>は魔法防御力が<i><color=#00ffffcc>30%</color></i>上昇,当方小隊の<i><color=#00ffffcc>リーダー</color></i>は魔法防御力が<i><color=#00ffffcc>30%</color></i>上昇,icon_skill_3,4,0,10,0,5,-1,0,3000,3000,10000,99,0,30,0,200,1000,0,2,1,2,,10,1,2,
10104,当方小隊の<i><color=#00ffffcc>2体</color></i>は魔法防御力が<i><color=#00ffffcc>30%</color></i>上昇,当方小隊の<i><color=#00ffffcc>2体</color></i>は魔法防御力が<i><color=#00ffffcc>30%</color></i>上昇,icon_skill_3,4,0,10,0,4,-1,0,3000,3000,10000,2,0,30,0,200,1000,0,2,1,2,,10,1,2,
10204,当方小隊の<i><color=red><size=20>赤</size></color></i>属性<i><color=#00ffffcc>2体</color></i>は魔法防御力が<i><color=#00ffffcc>30%</color></i>上昇,当方小隊の<i><color=red><size=20>赤</size></color></i>属性<i><color=#00ffffcc>2体</color></i>は魔法防御力が<i><color=#00ffffcc>30%</color></i>上昇,icon_skill_3,4,0,10,0,4,1,0,3000,3000,10000,2,0,30,0,200,1000,0,2,1,2,,10,1,2,
10304,当方小隊の<i><color=green><size=20>緑</size></color></i>属性<i><color=#00ffffcc>全体</color></i>は魔法防御力が<i><color=#00ffffcc>30%</color></i>上昇,当方小隊の<i><color=green><size=20>緑</size></color></i>属性<i><color=#00ffffcc>全体</color></i>は魔法防御力が<i><color=#00ffffcc>30%</color></i>上昇,icon_skill_3,4,0,10,0,4,2,0,3000,3000,10000,99,0,30,0,200,1000,0,2,1,2,,10,1,2,
10404,当方小隊の<i><color=blue><size=20>青</size></color></i>属性<i><color=#00ffffcc>全体</color></i>は魔法防御力が<i><color=#00ffffcc>30%</color></i>上昇,当方小隊の<i><color=blue><size=20>青</size></color></i>属性<i><color=#00ffffcc>全体</color></i>は魔法防御力が<i><color=#00ffffcc>30%</color></i>上昇,icon_skill_3,4,0,10,0,4,3,0,3000,3000,10000,99,0,30,0,200,1000,0,2,1,2,,10,1,2,
10504,当方小隊の<i><color=white><size=20>白</size></color></i>属性<i><color=#00ffffcc>全体</color></i>は魔法防御力が<i><color=#00ffffcc>30%</color></i>上昇,当方小隊の<i><color=white><size=20>白</size></color></i>属性<i><color=#00ffffcc>全体</color></i>は魔法防御力が<i><color=#00ffffcc>30%</color></i>上昇,icon_skill_3,4,0,10,0,4,4,0,3000,3000,10000,99,0,30,0,200,1000,0,2,1,2,,10,1,2,
10604,当方小隊の<i><color=black><size=20>黒</size></color></i>属性<i><color=#00ffffcc>全体</color></i>は魔法防御力が<i><color=#00ffffcc>30%</color></i>上昇,当方小隊の<i><color=black><size=20>黒</size></color></i>属性<i><color=#00ffffcc>全体</color></i>は魔法防御力が<i><color=#00ffffcc>30%</color></i>上昇,icon_skill_3,4,0,10,0,4,5,0,3000,3000,10000,99,0,30,0,200,1000,0,2,1,2,,10,1,2,
10704,当方小隊の<i><color=yellow><size=20>斬</size></color></i>属性<i><color=#00ffffcc>全体</color></i>は魔法防御力が<i><color=#00ffffcc>30%</color></i>上昇,当方小隊の<i><color=yellow><size=20>斬</size></color></i>属性<i><color=#00ffffcc>全体</color></i>は魔法防御力が<i><color=#00ffffcc>30%</color></i>上昇,icon_skill_3,4,0,10,0,4,6,0,3000,3000,10000,99,0,30,0,200,1000,0,2,1,2,,10,1,2,
10804,当方小隊の<i><color=#700000FF><size=20>壊</size></color></i>属性<i><color=#00ffffcc>全体</color></i>は魔法防御力が<i><color=#00ffffcc>30%</color></i>上昇,当方小隊の<i><color=#700000FF><size=20>壊</size></color></i>属性<i><color=#00ffffcc>全体</color></i>は魔法防御力が<i><color=#00ffffcc>30%</color></i>上昇,icon_skill_3,4,0,10,0,4,7,0,3000,3000,10000,99,0,30,0,200,1000,0,2,1,2,,10,1,2,
10904,当方小隊の<i><color=#9100FFFF><size=20>突</size></color></i>属性<i><color=#00ffffcc>全体</color></i>は魔法防御力が<i><color=#00ffffcc>30%</color></i>上昇,当方小隊の<i><color=#9100FFFF><size=20>突</size></color></i>属性<i><color=#00ffffcc>全体</color></i>は魔法防御力が<i><color=#00ffffcc>30%</color></i>上昇,icon_skill_3,4,0,10,0,4,8,0,3000,3000,10000,99,0,30,0,200,1000,0,2,1,2,,10,1,2,
5,当方小隊は<i><color=#00ffffcc>全部</color></i>「HIT」が<i><color=#00ffffcc>30%</color></i>上昇,当方小隊は<i><color=#00ffffcc>全部</color></i>「HIT」が<i><color=#00ffffcc>30%</color></i>上昇,icon_skill_3,5,0,10,0,4,-1,0,3000,3000,10000,99,0,30,0,200,1000,0,2,1,2,,10,1,2,
10005,当方小隊の<i><color=#00ffffcc>リーダー</color></i>は「HIT」が<i><color=#00ffffcc>30%</color></i>上昇,当方小隊の<i><color=#00ffffcc>リーダー</color></i>は「HIT」が<i><color=#00ffffcc>30%</color></i>上昇,icon_skill_3,5,0,10,0,5,-1,0,3000,3000,10000,99,0,30,0,200,1000,0,2,1,2,,10,1,2,
10105,当方小隊の<i><color=#00ffffcc>2体</color></i>は「HIT」が<i><color=#00ffffcc>30%</color></i>上昇,当方小隊の<i><color=#00ffffcc>2体</color></i>は「HIT」が<i><color=#00ffffcc>30%</color></i>上昇,icon_skill_3,5,0,10,0,4,-1,0,3000,3000,10000,2,0,30,0,200,1000,0,2,1,2,,10,1,2,
10205,当方小隊の<i><color=red><size=20>赤</size></color></i>属性<i><color=#00ffffcc>2体</color></i>は「HIT」が<i><color=#00ffffcc>30%</color></i>上昇,当方小隊の<i><color=red><size=20>赤</size></color></i>属性<i><color=#00ffffcc>2体</color></i>は「HIT」が<i><color=#00ffffcc>30%</color></i>上昇,icon_skill_3,5,0,10,0,4,1,0,3000,3000,10000,2,0,30,0,200,1000,0,2,1,2,,10,1,2,
10305,当方小隊の<i><color=green><size=20>緑</size></color></i>属性<i><color=#00ffffcc>全体</color></i>は「HIT」が<i><color=#00ffffcc>30%</color></i>上昇,当方小隊の<i><color=green><size=20>緑</size></color></i>属性<i><color=#00ffffcc>全体</color></i>は「HIT」が<i><color=#00ffffcc>30%</color></i>上昇,icon_skill_3,5,0,10,0,4,2,0,3000,3000,10000,99,0,30,0,200,1000,0,2,1,2,,10,1,2,
10405,当方小隊の<i><color=blue><size=20>青</size></color></i>属性<i><color=#00ffffcc>全体</color></i>は「HIT」が<i><color=#00ffffcc>30%</color></i>上昇,当方小隊の<i><color=blue><size=20>青</size></color></i>属性<i><color=#00ffffcc>全体</color></i>は「HIT」が<i><color=#00ffffcc>30%</color></i>上昇,icon_skill_3,5,0,10,0,4,3,0,3000,3000,10000,99,0,30,0,200,1000,0,2,1,2,,10,1,2,
10505,当方小隊の<i><color=white><size=20>白</size></color></i>属性<i><color=#00ffffcc>全体</color></i>は「HIT」が<i><color=#00ffffcc>30%</color></i>上昇,当方小隊の<i><color=white><size=20>白</size></color></i>属性<i><color=#00ffffcc>全体</color></i>は「HIT」が<i><color=#00ffffcc>30%</color></i>上昇,icon_skill_3,5,0,10,0,4,4,0,3000,3000,10000,99,0,30,0,200,1000,0,2,1,2,,10,1,2,
10605,当方小隊の<i><color=black><size=20>黒</size></color></i>属性<i><color=#00ffffcc>全体</color></i>は「HIT」が<i><color=#00ffffcc>30%</color></i>上昇,当方小隊の<i><color=black><size=20>黒</size></color></i>属性<i><color=#00ffffcc>全体</color></i>は「HIT」が<i><color=#00ffffcc>30%</color></i>上昇,icon_skill_3,5,0,10,0,4,5,0,3000,3000,10000,99,0,30,0,200,1000,0,2,1,2,,10,1,2,
10705,当方小隊の<i><color=yellow><size=20>斬</size></color></i>属性<i><color=#00ffffcc>全体</color></i>は「HIT」が<i><color=#00ffffcc>30%</color></i>上昇,当方小隊の<i><color=yellow><size=20>斬</size></color></i>属性<i><color=#00ffffcc>全体</color></i>は「HIT」が<i><color=#00ffffcc>30%</color></i>上昇,icon_skill_3,5,0,10,0,4,6,0,3000,3000,10000,99,0,30,0,200,1000,0,2,1,2,,10,1,2,
10805,当方小隊の<i><color=#700000FF><size=20>壊</size></color></i>属性<i><color=#00ffffcc>全体</color></i>は「HIT」が<i><color=#00ffffcc>30%</color></i>上昇,当方小隊の<i><color=#700000FF><size=20>壊</size></color></i>属性<i><color=#00ffffcc>全体</color></i>は「HIT」が<i><color=#00ffffcc>30%</color></i>上昇,icon_skill_3,5,0,10,0,4,7,0,3000,3000,10000,99,0,30,0,200,1000,0,2,1,2,,10,1,2,
10905,当方小隊の<i><color=#9100FFFF><size=20>突</size></color></i>属性<i><color=#00ffffcc>全体</color></i>は「HIT」が<i><color=#00ffffcc>30%</color></i>上昇,当方小隊の<i><color=#9100FFFF><size=20>突</size></color></i>属性<i><color=#00ffffcc>全体</color></i>は「HIT」が<i><color=#00ffffcc>30%</color></i>上昇,icon_skill_3,5,0,10,0,4,8,0,3000,3000,10000,99,0,30,0,200,1000,0,2,1,2,,10,1,2,
11005,50%確率自身「HIT」が30%アップする,50%確率自身「HIT」が30%アップする,icon_skill_3,5,0,10,0,4,8,0,3000,3000,5000,99,0,30,0,200,1000,0,2,1,2,,10,1,2,
6,当方小隊は<i><color=#00ffffcc>全部</color></i>「TEC」が<i><color=#00ffffcc>30%</color></i>上昇,当方小隊は<i><color=#00ffffcc>全部</color></i>「TEC」が<i><color=#00ffffcc>30%</color></i>上昇,icon_skill_3,6,0,10,0,4,-1,0,3000,3000,10000,99,0,30,0,200,1000,0,2,1,2,,10,1,2,
10006,当方小隊の<i><color=#00ffffcc>リーダー</color></i>は「TEC」が<i><color=#00ffffcc>30%</color></i>上昇,当方小隊の<i><color=#00ffffcc>リーダー</color></i>は「TEC」が<i><color=#00ffffcc>30%</color></i>上昇,icon_skill_3,6,0,10,0,5,-1,0,3000,3000,10000,99,0,30,0,200,1000,0,2,1,2,,10,1,2,
10106,当方小隊の<i><color=#00ffffcc>2体</color></i>は「TEC」が<i><color=#00ffffcc>30%</color></i>上昇,当方小隊の<i><color=#00ffffcc>2体</color></i>は「TEC」が<i><color=#00ffffcc>30%</color></i>上昇,icon_skill_3,6,0,10,0,4,-1,0,3000,3000,10000,2,0,30,0,200,1000,0,2,1,2,,10,1,2,
10206,当方小隊の<i><color=red><size=20>赤</size></color></i>属性<i><color=#00ffffcc>2体</color></i>は「TEC」が<i><color=#00ffffcc>30%</color></i>上昇,当方小隊の<i><color=red><size=20>赤</size></color></i>属性<i><color=#00ffffcc>2体</color></i>は「TEC」が<i><color=#00ffffcc>30%</color></i>上昇,icon_skill_3,6,0,10,0,4,1,0,3000,3000,10000,2,0,30,0,200,1000,0,2,1,2,,10,1,2,
10306,当方小隊の<i><color=green><size=20>緑</size></color></i>属性<i><color=#00ffffcc>全体</color></i>は「TEC」が<i><color=#00ffffcc>30%</color></i>上昇,当方小隊の<i><color=green><size=20>緑</size></color></i>属性<i><color=#00ffffcc>全体</color></i>は「TEC」が<i><color=#00ffffcc>30%</color></i>上昇,icon_skill_3,6,0,10,0,4,2,0,3000,3000,10000,99,0,30,0,200,1000,0,2,1,2,,10,1,2,
10406,当方小隊の<i><color=blue><size=20>青</size></color></i>属性<i><color=#00ffffcc>全体</color></i>は「TEC」が<i><color=#00ffffcc>30%</color></i>上昇,当方小隊の<i><color=blue><size=20>青</size></color></i>属性<i><color=#00ffffcc>全体</color></i>は「TEC」が<i><color=#00ffffcc>30%</color></i>上昇,icon_skill_3,6,0,10,0,4,3,0,3000,3000,10000,99,0,30,0,200,1000,0,2,1,2,,10,1,2,
10506,当方小隊の<i><color=white><size=20>白</size></color></i>属性<i><color=#00ffffcc>全体</color></i>は「TEC」が<i><color=#00ffffcc>30%</color></i>上昇,当方小隊の<i><color=white><size=20>白</size></color></i>属性<i><color=#00ffffcc>全体</color></i>は「TEC」が<i><color=#00ffffcc>30%</color></i>上昇,icon_skill_3,6,0,10,0,4,4,0,3000,3000,10000,99,0,30,0,200,1000,0,2,1,2,,10,1,2,
10606,当方小隊の<i><color=black><size=20>黒</size></color></i>属性<i><color=#00ffffcc>全体</color></i>は「TEC」が<i><color=#00ffffcc>30%</color></i>上昇,当方小隊の<i><color=black><size=20>黒</size></color></i>属性<i><color=#00ffffcc>全体</color></i>は「TEC」が<i><color=#00ffffcc>30%</color></i>上昇,icon_skill_3,6,0,10,0,4,5,0,3000,3000,10000,99,0,30,0,200,1000,0,2,1,2,,10,1,2,
10706,当方小隊の<i><color=yellow><size=20>斬</size></color></i>属性<i><color=#00ffffcc>全体</color></i>は「TEC」が<i><color=#00ffffcc>30%</color></i>上昇,当方小隊の<i><color=yellow><size=20>斬</size></color></i>属性<i><color=#00ffffcc>全体</color></i>は「TEC」が<i><color=#00ffffcc>30%</color></i>上昇,icon_skill_3,6,0,10,0,4,6,0,3000,3000,10000,99,0,30,0,200,1000,0,2,1,2,,10,1,2,
10806,当方小隊の<i><color=#700000FF><size=20>壊</size></color></i>属性<i><color=#00ffffcc>全体</color></i>は「TEC」が<i><color=#00ffffcc>30%</color></i>上昇,当方小隊の<i><color=#700000FF><size=20>壊</size></color></i>属性<i><color=#00ffffcc>全体</color></i>は「TEC」が<i><color=#00ffffcc>30%</color></i>上昇,icon_skill_3,6,0,10,0,4,7,0,3000,3000,10000,99,0,30,0,200,1000,0,2,1,2,,10,1,2,
10906,当方小隊の<i><color=#9100FFFF><size=20>突</size></color></i>属性<i><color=#00ffffcc>全体</color></i>は「TEC」が<i><color=#00ffffcc>30%</color></i>上昇,当方小隊の<i><color=#9100FFFF><size=20>突</size></color></i>属性<i><color=#00ffffcc>全体</color></i>は「TEC」が<i><color=#00ffffcc>30%</color></i>上昇,icon_skill_3,6,0,10,0,4,8,0,3000,3000,10000,99,0,30,0,200,1000,0,2,1,2,,10,1,2,
11006,50%確率自身「TEC」が30%アップする,50%確率自身「TEC」が30%アップする,icon_skill_3,6,0,10,0,4,8,0,3000,3000,5000,99,0,30,0,200,1000,0,2,1,2,,10,1,2,
7,当方小隊は<i><color=#00ffffcc>全部</color></i>「SPD」が<i><color=#00ffffcc>30%</color></i>上昇,当方小隊は<i><color=#00ffffcc>全部</color></i>「SPD」が<i><color=#00ffffcc>30%</color></i>上昇,icon_skill_3,7,0,10,0,4,-1,0,3000,3000,10000,99,0,30,0,200,1000,0,2,1,2,,10,1,2,
10007,当方小隊の<i><color=#00ffffcc>リーダー</color></i>は「SPD」が<i><color=#00ffffcc>30%</color></i>上昇,当方小隊の<i><color=#00ffffcc>リーダー</color></i>は「SPD」が<i><color=#00ffffcc>30%</color></i>上昇,icon_skill_3,7,0,10,0,5,-1,0,3000,3000,10000,99,0,30,0,200,1000,0,2,1,2,,10,1,2,
10107,当方小隊の<i><color=#00ffffcc>2体</color></i>は「SPD」が<i><color=#00ffffcc>30%</color></i>上昇,当方小隊の<i><color=#00ffffcc>2体</color></i>は「SPD」が<i><color=#00ffffcc>30%</color></i>上昇,icon_skill_3,7,0,10,0,4,-1,0,3000,3000,10000,2,0,30,0,200,1000,0,2,1,2,,10,1,2,
10207,当方小隊の<i><color=red><size=20>赤</size></color></i>属性<i><color=#00ffffcc>2体</color></i>は「SPD」が<i><color=#00ffffcc>30%</color></i>上昇,当方小隊の<i><color=red><size=20>赤</size></color></i>属性<i><color=#00ffffcc>2体</color></i>は「SPD」が<i><color=#00ffffcc>30%</color></i>上昇,icon_skill_3,7,0,10,0,4,1,0,3000,3000,10000,2,0,30,0,200,1000,0,2,1,2,,10,1,2,
10307,当方小隊の<i><color=green><size=20>緑</size></color></i>属性<i><color=#00ffffcc>全体</color></i>は「SPD」が<i><color=#00ffffcc>30%</color></i>上昇,当方小隊の<i><color=green><size=20>緑</size></color></i>属性<i><color=#00ffffcc>全体</color></i>は「SPD」が<i><color=#00ffffcc>30%</color></i>上昇,icon_skill_3,7,0,10,0,4,2,0,3000,3000,10000,99,0,30,0,200,1000,0,2,1,2,,10,1,2,
10407,当方小隊の<i><color=blue><size=20>青</size></color></i>属性<i><color=#00ffffcc>全体</color></i>は「SPD」が<i><color=#00ffffcc>30%</color></i>上昇,当方小隊の<i><color=blue><size=20>青</size></color></i>属性<i><color=#00ffffcc>全体</color></i>は「SPD」が<i><color=#00ffffcc>30%</color></i>上昇,icon_skill_3,7,0,10,0,4,3,0,3000,3000,10000,99,0,30,0,200,1000,0,2,1,2,,10,1,2,
10507,当方小隊の<i><color=white><size=20>白</size></color></i>属性<i><color=#00ffffcc>全体</color></i>は「SPD」が<i><color=#00ffffcc>30%</color></i>上昇,当方小隊の<i><color=white><size=20>白</size></color></i>属性<i><color=#00ffffcc>全体</color></i>は「SPD」が<i><color=#00ffffcc>30%</color></i>上昇,icon_skill_3,7,0,10,0,4,4,0,3000,3000,10000,99,0,30,0,200,1000,0,2,1,2,,10,1,2,
10607,当方小隊の<i><color=black><size=20>黒</size></color></i>属性<i><color=#00ffffcc>全体</color></i>は「SPD」が<i><color=#00ffffcc>30%</color></i>上昇,当方小隊の<i><color=black><size=20>黒</size></color></i>属性<i><color=#00ffffcc>全体</color></i>は「SPD」が<i><color=#00ffffcc>30%</color></i>上昇,icon_skill_3,7,0,10,0,4,5,0,3000,3000,10000,99,0,30,0,200,1000,0,2,1,2,,10,1,2,
10707,当方小隊の<i><color=yellow><size=20>斬</size></color></i>属性<i><color=#00ffffcc>全体</color></i>は「SPD」が<i><color=#00ffffcc>30%</color></i>上昇,当方小隊の<i><color=yellow><size=20>斬</size></color></i>属性<i><color=#00ffffcc>全体</color></i>は「SPD」が<i><color=#00ffffcc>30%</color></i>上昇,icon_skill_3,7,0,10,0,4,6,0,3000,3000,10000,99,0,30,0,200,1000,0,2,1,2,,10,1,2,
10807,当方小隊の<i><color=#700000FF><size=20>壊</size></color></i>属性<i><color=#00ffffcc>全体</color></i>は「SPD」が<i><color=#00ffffcc>30%</color></i>上昇,当方小隊の<i><color=#700000FF><size=20>壊</size></color></i>属性<i><color=#00ffffcc>全体</color></i>は「SPD」が<i><color=#00ffffcc>30%</color></i>上昇,icon_skill_3,7,0,10,0,4,7,0,3000,3000,10000,99,0,30,0,200,1000,0,2,1,2,,10,1,2,
10907,当方小隊の<i><color=#9100FFFF><size=20>突</size></color></i>属性<i><color=#00ffffcc>全体</color></i>は「SPD」が<i><color=#00ffffcc>30%</color></i>上昇,当方小隊の<i><color=#9100FFFF><size=20>突</size></color></i>属性<i><color=#00ffffcc>全体</color></i>は「SPD」が<i><color=#00ffffcc>30%</color></i>上昇,icon_skill_3,7,0,10,0,4,8,0,3000,3000,10000,99,0,30,0,200,1000,0,2,1,2,,10,1,2,
8,敵<i><color=#00ffffcc>1体</color></i>の攻撃力が<i><color=#00ffffcc>40％</color></i>低下する,敵<i><color=#00ffffcc>1体</color></i>の攻撃力が<i><color=#00ffffcc>40％</color></i>低下する,icon_skill_3,1,0,2,0,2,-1,0,-4000,-4000,10000,99,0,30,0,200,1000,0,2,1,2,,10,1,2,
10008,敵の攻撃力が<i><color=#00ffffcc>全部15％</color></i>低下する,敵の攻撃力が<i><color=#00ffffcc>全部15％</color></i>低下する,icon_skill_3,1,0,2,0,2,-1,0,-1500,-1500,10000,8,0,30,0,200,1000,0,2,1,2,,10,1,2,
9,敵<i><color=#00ffffcc>1体</color></i>の防御力が<i><color=#00ffffcc>40％</color></i>低下する,敵<i><color=#00ffffcc>1体</color></i>の防御力が<i><color=#00ffffcc>40％</color></i>低下する,icon_skill_3,2,0,2,0,2,-1,0,-4000,-4000,10000,99,0,30,0,200,1000,0,2,1,2,,10,1,2,
10009,敵の防御力が<i><color=#00ffffcc>全部15％</color></i>低下する,敵の防御力が<i><color=#00ffffcc>全部15％</color></i>低下する,icon_skill_3,2,0,2,0,2,-1,0,-1500,-1500,10000,8,0,30,0,200,1000,0,2,1,2,,10,1,2,
10,敵<i><color=#00ffffcc>1体</color></i>の魔法防御力が<i><color=#00ffffcc>40％</color></i>低下する,敵<i><color=#00ffffcc>1体</color></i>の魔法防御力が<i><color=#00ffffcc>40％</color></i>低下する,icon_skill_3,10,0,2,0,2,-1,0,-4000,-4000,10000,1,0,30,0,200,1000,0,2,1,2,,10,1,2,
10010,敵の魔法防御力が<i><color=#00ffffcc>全部15％</color></i>低下する,敵の魔法防御力が<i><color=#00ffffcc>全部15％</color></i>低下する,icon_skill_3,10,0,2,0,2,-1,0,-1500,-1500,10000,8,0,30,0,200,1000,0,2,1,2,,10,1,2,
11,敵<i><color=#00ffffcc>1体</color></i>の魔法攻撃力が<i><color=#00ffffcc>40％</color></i>低下する,敵<i><color=#00ffffcc>1体</color></i>の魔法攻撃力が<i><color=#00ffffcc>40％</color></i>低下する,icon_skill_3,11,0,2,0,2,-1,0,-4000,-4000,10000,1,0,30,0,200,1000,0,2,1,2,,10,1,2,
10011,敵の魔法攻撃力が<i><color=#00ffffcc>全部15％</color></i>低下する,敵の魔法攻撃力が<i><color=#00ffffcc>全部15％</color></i>低下する,icon_skill_3,11,0,2,0,2,-1,0,-1500,-1500,10000,8,0,30,0,200,1000,0,2,1,2,,10,1,2,
12,敵<i><color=#00ffffcc>1体</color></i>の「HIT」が<i><color=#00ffffcc>40％</color></i>低下する,敵<i><color=#00ffffcc>1体</color></i>の「HIT」が<i><color=#00ffffcc>40％</color></i>低下する,icon_skill_3,5,0,2,0,2,-1,0,-4000,-4000,10000,1,0,30,0,200,1000,0,2,1,2,,10,1,2,
10012,敵の「HIT」が<i><color=#00ffffcc>全部15％</color></i>低下する,敵の「HIT」が<i><color=#00ffffcc>全部15％</color></i>低下する,icon_skill_3,5,0,2,0,2,-1,0,-1500,-1500,10000,1,0,30,0,200,1000,0,2,1,2,,10,1,2,
13,敵<i><color=#00ffffcc>1体</color></i>の「TEC」が<i><color=#00ffffcc>40％</color></i>低下する,敵<i><color=#00ffffcc>1体</color></i>の「TEC」が<i><color=#00ffffcc>40％</color></i>低下する,icon_skill_3,6,0,2,0,2,-1,0,-4000,-4000,10000,1,0,30,0,200,1000,0,2,1,2,,10,1,2,
10013,敵の「TEC」が<i><color=#00ffffcc>全部15％</color></i>低下する,敵の「TEC」が<i><color=#00ffffcc>全部15％</color></i>低下する,icon_skill_3,5,0,2,0,2,-1,0,-1500,-1500,10000,1,0,30,0,200,1000,0,2,1,2,,10,1,2,
14,敵<i><color=#00ffffcc>1体</color></i>の「SPD」が<i><color=#00ffffcc>40％</color></i>低下する,敵<i><color=#00ffffcc>1体</color></i>の「SPD」が<i><color=#00ffffcc>40％</color></i>低下する,icon_skill_3,7,0,2,0,2,-1,0,-4000,-4000,10000,1,0,30,0,200,1000,0,2,1,2,,10,1,2,
10014,敵の「SPD」が<i><color=#00ffffcc>全部15％</color></i>低下する,敵の「SPD」が<i><color=#00ffffcc>全部15％</color></i>低下する,icon_skill_3,5,0,2,0,2,-1,0,-1500,-1500,10000,1,0,30,0,200,1000,0,2,1,2,,10,1,2,
15,治療己方（小）,治療己方（小）,icon_skill_2,16,0,0,0,4,-1,0,1000,1000,10000,3,0,30,0,200,1000,0,2,1,2,,10,1,2,
16,治療己方（中）,治療己方（中）,icon_skill_2,16,0,0,0,4,-1,0,2000,2000,10000,3,0,30,0,200,1000,0,2,1,2,,10,1,2,
17,治療己方（大）,治療己方（大）,icon_skill_2,16,0,0,0,4,-1,0,4000,4000,10000,3,0,30,0,200,1000,0,2,1,2,,10,1,2,
18,攻撃（近）ダメージ（小）,攻撃（近）ダメージ（小）,icon_skill_1,15,0,0,0,2,-1,0,100000,100000,10000,1,0,30,0,200,1000,0,2,1,0,,10,0,8,270
19,攻撃（近）ダメージ（中）,攻撃（近）ダメージ（中）,icon_skill_1,15,0,0,0,2,-1,0,15000,15000,10000,1,0,30,11045,200,1000,0,2,1,2,,10,0,8,270
20,攻撃（近）ダメージ（大）,攻撃（近）ダメージ（大）,icon_skill_1,15,0,0,0,2,-1,0,20000,20000,10000,1,0,30,0,200,1000,0,2,1,2,,10,0,8,270
10020,敵単体に2.3倍ダメージを与え、HPを吸収する,敵単体に2.3倍ダメージを与え、HPを吸収する,icon_skill_1,15,0,0,0,2,-1,0,23000,23000,10000,1,0,30,11041,200,1000,0,2,1,2,,10,1,2,
10120,敵単体に2.4倍ダメージを与え,敵単体に2.4倍ダメージを与え,icon_skill_1,15,0,0,0,2,-1,0,24000,24000,10000,1,0,30,0,200,1000,0,2,1,2,,10,1,2,
21,攻撃（遠）ダメージ（小）,攻撃（遠）ダメージ（小）,icon_skill_1,15,0,0,0,2,-1,0,10000,10000,10000,1,0,30,0,200,1000,0,2,1,0,,10,1,2,
22,攻撃（遠）ダメージ（中）,攻撃（遠）ダメージ（中）,icon_skill_1,15,0,0,0,2,-1,0,15000,15000,10000,1,0,30,0,200,1000,0,2,1,2,,10,1,2,
23,攻撃（遠）ダメージ（大）,攻撃（遠）ダメージ（大）,icon_skill_1,15,0,0,0,2,-1,0,20000,20000,10000,1,0,30,0,200,1000,0,2,1,2,,10,1,2,
25,攻撃できない,攻撃できない,icon_skill_4,19,0,3,0,2,-1,0,1,1,1000,99,0,30,0,200,1000,0,2,1,2,,10,1,2,
26,スキルできない,スキルできない,icon_skill_4,20,0,3,0,2,-1,0,1,1,1000,99,0,30,0,200,1000,0,2,1,2,,10,1,2,
27,状態が治療,状態が治療,icon_skill_4,23,0,0,0,4,-1,0,1,1,10000,99,0,30,0,200,1000,0,2,1,2,,10,1,2,
28,debuffが除去,debuffが除去,icon_skill_4,24,0,0,0,4,-1,0,1,1,1000,99,0,30,0,200,1000,0,2,1,2,,10,1,2,
29,攻撃（遠）（全体）ダメージ（小）,攻撃（遠）（全体）ダメージ（小）,icon_skill_1,15,0,0,0,2,-1,0,10000,10000,10000,8,0,30,0,200,1000,0,2,1,2,,10,1,2,
30,攻撃（遠）（全体）ダメージ（中）、DEFは３ターン弱いになる,攻撃（遠）（全体）ダメージ（中）、DEFは３ターン弱いになる,icon_skill_1,15,0,0,0,2,-1,0,15000,15000,10000,1,0,30,33,200,1000,0,2,1,2,,10,1,2,
31,攻撃（遠）（全体）ダメージ（大）、ATKは１ターン強いになる,攻撃（遠）（全体）ダメージ（大）、ATKは１ターン強いになる,icon_skill_1,15,0,0,0,2,-1,0,20000,20000,10000,8,0,30,32,200,1000,0,2,1,2,,10,1,2,
32,xxxxxxxxxxx,xxxxxxxxxxx,icon_skill_3,1,0,1,0,4,-1,0,1500,1500,10000,1,0,30,0,200,1000,0,2,1,2,,10,1,2,
33,xxxxxxxxxxx,xxxxxxxxxxx,icon_skill_3,2,0,3,0,2,-1,0,-1500,-1500,5000,1,0,30,0,200,1000,0,2,1,2,,10,1,2,
34,恢复己方大并在2回合增强ATK,恢复己方大并在2回合增强ATK,icon_skill_2,16,0,0,0,4,-1,0,4000,4000,10000,8,0,30,32,200,1000,0,2,1,2,,10,1,2,
35,行動できない,行動できない,icon_skill_4,21,0,2,0,2,-1,0,1,1,5000,8,0,30,0,200,1000,0,2,1,2,,10,1,2,
36,治療とdebuffが除去,治療とdebuffが除去,icon_skill_2,16,0,2,0,4,-1,0,4000,4000,10000,8,0,30,28|1|2|3,200,1000,0,2,1,2,,10,1,2,
37,buffが除去,buffが除去,icon_skill_4,25,0,0,0,2,-1,0,1,1,5000,8,0,30,0,200,1000,0,2,1,2,,10,1,2,
38,攻撃（近）ダメージ（小）,攻撃（近）ダメージ（小）,icon_skill_1,15,0,0,0,2,-1,0,10000,10000,10000,8,0,30,0,200,1000,0,2,1,2,,10,0,2,
39,攻撃（近）ダメージ（中）,攻撃（近）ダメージ（中）,icon_skill_1,15,0,0,0,2,-1,0,15000,15000,10000,8,0,30,11001,200,1000,0,2,1,2,,10,0,2,
40,攻撃（近）ダメージ（大）,攻撃（近）ダメージ（大）,icon_skill_1,15,0,0,0,2,-1,0,20000,20000,10000,8,0,30,0,200,1000,0,2,1,2,,10,0,2,
10040,敵単体に2.3倍ダメージを与え、HPを吸収する,敵単体に2.3倍ダメージを与え、HPを吸収する,icon_skill_1,15,0,0,0,2,-1,0,23000,23000,10000,8,0,30,11041,200,1000,0,2,1,2,,10,1,2,
41,当方小隊は<i><color=#00ffffcc>全部</color></i>吸血が<i><color=#00ffffcc>3%</color></i>上昇,当方小隊は<i><color=#00ffffcc>全部</color></i>吸血が<i><color=#00ffffcc>3%</color></i>上昇,icon_skill_3,27,0,10,0,4,-1,0,300,300,10000,99,0,30,0,200,1000,0,2,1,2,,10,1,2,
10041,当方小隊の<i><color=#00ffffcc>リーダー</color></i>は吸血が<i><color=#00ffffcc>6%</color></i>上昇,当方小隊の<i><color=#00ffffcc>リーダー</color></i>は吸血が<i><color=#00ffffcc>6%</color></i>上昇,icon_skill_3,27,0,10,0,5,-1,0,600,600,10000,99,0,30,0,200,1000,0,2,1,2,,10,1,2,
10141,当方小隊の<i><color=#00ffffcc>2体</color></i>は吸血が<i><color=#00ffffcc>6%</color></i>上昇,当方小隊の<i><color=#00ffffcc>2体</color></i>は吸血が<i><color=#00ffffcc>6%</color></i>上昇,icon_skill_3,27,0,10,0,4,-1,0,600,600,10000,2,0,30,0,200,1000,0,2,1,2,,10,1,2,
10241,当方小隊の<i><color=red><size=20>赤</size></color></i>属性<i><color=#00ffffcc>2体</color></i>は吸血が<i><color=#00ffffcc>6%</color></i>上昇,当方小隊の<i><color=red><size=20>赤</size></color></i>属性<i><color=#00ffffcc>2体</color></i>は吸血が<i><color=#00ffffcc>6%</color></i>上昇,icon_skill_3,27,0,10,0,4,1,0,600,600,10000,2,0,30,0,200,1000,0,2,1,2,,10,1,2,
10341,当方小隊の<i><color=green><size=20>緑</size></color></i>属性<i><color=#00ffffcc>全体</color></i>は吸血が<i><color=#00ffffcc>6%</color></i>上昇,当方小隊の<i><color=green><size=20>緑</size></color></i>属性<i><color=#00ffffcc>全体</color></i>は吸血が<i><color=#00ffffcc>6%</color></i>上昇,icon_skill_3,27,0,10,0,4,2,0,600,600,10000,99,0,30,0,200,1000,0,2,1,2,,10,1,2,
10441,当方小隊の<i><color=blue><size=20>青</size></color></i>属性<i><color=#00ffffcc>全体</color></i>は吸血が<i><color=#00ffffcc>6%</color></i>上昇,当方小隊の<i><color=blue><size=20>青</size></color></i>属性<i><color=#00ffffcc>全体</color></i>は吸血が<i><color=#00ffffcc>6%</color></i>上昇,icon_skill_3,27,0,10,0,4,3,0,600,600,10000,99,0,30,0,200,1000,0,2,1,2,,10,1,2,
10541,当方小隊の<i><color=white><size=20>白</size></color></i>属性<i><color=#00ffffcc>全体</color></i>は吸血が<i><color=#00ffffcc>6%</color></i>上昇,当方小隊の<i><color=white><size=20>白</size></color></i>属性<i><color=#00ffffcc>全体</color></i>は吸血が<i><color=#00ffffcc>6%</color></i>上昇,icon_skill_3,27,0,10,0,4,4,0,600,600,10000,99,0,30,0,200,1000,0,2,1,2,,10,1,2,
10641,当方小隊の<i><color=black><size=20>黒</size></color></i>属性<i><color=#00ffffcc>全体</color></i>は吸血が<i><color=#00ffffcc>6%</color></i>上昇,当方小隊の<i><color=black><size=20>黒</size></color></i>属性<i><color=#00ffffcc>全体</color></i>は吸血が<i><color=#00ffffcc>6%</color></i>上昇,icon_skill_3,27,0,10,0,4,5,0,600,600,10000,99,0,30,0,200,1000,0,2,1,2,,10,1,2,
10741,当方小隊の<i><color=yellow><size=20>斬</size></color></i>属性<i><color=#00ffffcc>全体</color></i>は吸血が<i><color=#00ffffcc>6%</color></i>上昇,当方小隊の<i><color=yellow><size=20>斬</size></color></i>属性<i><color=#00ffffcc>全体</color></i>は吸血が<i><color=#00ffffcc>6%</color></i>上昇,icon_skill_3,27,0,10,0,4,6,0,600,600,10000,99,0,30,0,200,1000,0,2,1,2,,10,1,2,
10841,当方小隊の<i><color=#700000FF><size=20>壊</size></color></i>属性<i><color=#00ffffcc>全体</color></i>は吸血が<i><color=#00ffffcc>6%</color></i>上昇,当方小隊の<i><color=#700000FF><size=20>壊</size></color></i>属性<i><color=#00ffffcc>全体</color></i>は吸血が<i><color=#00ffffcc>6%</color></i>上昇,icon_skill_3,27,0,10,0,4,7,0,600,600,10000,99,0,30,0,200,1000,0,2,1,2,,10,1,2,
10941,当方小隊の<i><color=#9100FFFF><size=20>突</size></color></i>属性<i><color=#00ffffcc>全体</color></i>は吸血が<i><color=#00ffffcc>6%</color></i>上昇,当方小隊の<i><color=#9100FFFF><size=20>突</size></color></i>属性<i><color=#00ffffcc>全体</color></i>は吸血が<i><color=#00ffffcc>6%</color></i>上昇,icon_skill_3,27,0,10,0,4,8,0,600,600,10000,99,0,30,0,200,1000,0,2,1,2,,10,1,2,
11041,受動、Subスキルです,受動、Subスキルです,icon_skill_3,27,0,0,0,4,8,0,2000,2000,10000,99,0,30,0,200,1000,0,2,1,2,,10,1,2,
42,当方小隊は<i><color=#00ffffcc>全部</color></i>反撃確率が<i><color=#00ffffcc>30%</color></i>上昇,当方小隊は<i><color=#00ffffcc>全部</color></i>反撃確率が<i><color=#00ffffcc>30%</color></i>上昇,icon_skill_3,26,0,99,0,4,-1,0,3000,3000,10000,99,0,30,0,200,1000,0,2,1,2,,10,1,2,
10042,当方小隊の<i><color=#00ffffcc>リーダー</color></i>は反撃確率が<i><color=#00ffffcc>6%</color></i>上昇,当方小隊の<i><color=#00ffffcc>リーダー</color></i>は反撃確率が<i><color=#00ffffcc>6%</color></i>上昇,icon_skill_3,26,0,10,0,5,-1,0,600,600,10000,99,0,30,0,200,1000,0,2,1,2,,10,1,2,
10142,当方小隊の<i><color=#00ffffcc>2体</color></i>は反撃確率が<i><color=#00ffffcc>6%</color></i>上昇,当方小隊の<i><color=#00ffffcc>2体</color></i>は反撃確率が<i><color=#00ffffcc>6%</color></i>上昇,icon_skill_3,26,0,10,0,4,-1,0,600,600,10000,2,0,30,0,200,1000,0,2,1,2,,10,1,2,
10242,当方小隊の<i><color=red><size=20>赤</size></color></i>属性<i><color=#00ffffcc>2体</color></i>は反撃確率が<i><color=#00ffffcc>6%</color></i>上昇,当方小隊の<i><color=red><size=20>赤</size></color></i>属性<i><color=#00ffffcc>2体</color></i>は反撃確率が<i><color=#00ffffcc>6%</color></i>上昇,icon_skill_3,26,0,10,0,4,1,0,600,600,10000,2,0,30,0,200,1000,0,2,1,2,,10,1,2,
10342,当方小隊の<i><color=green><size=20>緑</size></color></i>属性<i><color=#00ffffcc>全体</color></i>は反撃確率が<i><color=#00ffffcc>6%</color></i>上昇,当方小隊の<i><color=green><size=20>緑</size></color></i>属性<i><color=#00ffffcc>全体</color></i>は反撃確率が<i><color=#00ffffcc>6%</color></i>上昇,icon_skill_3,26,0,10,0,4,2,0,600,600,10000,99,0,30,0,200,1000,0,2,1,2,,10,1,2,
10442,当方小隊の<i><color=blue><size=20>青</size></color></i>属性<i><color=#00ffffcc>全体</color></i>は反撃確率が<i><color=#00ffffcc>6%</color></i>上昇,当方小隊の<i><color=blue><size=20>青</size></color></i>属性<i><color=#00ffffcc>全体</color></i>は反撃確率が<i><color=#00ffffcc>6%</color></i>上昇,icon_skill_3,26,0,10,0,4,3,0,600,600,10000,99,0,30,0,200,1000,0,2,1,2,,10,1,2,
10542,当方小隊の<i><color=white><size=20>白</size></color></i>属性<i><color=#00ffffcc>全体</color></i>は反撃確率が<i><color=#00ffffcc>6%</color></i>上昇,当方小隊の<i><color=white><size=20>白</size></color></i>属性<i><color=#00ffffcc>全体</color></i>は反撃確率が<i><color=#00ffffcc>6%</color></i>上昇,icon_skill_3,26,0,10,0,4,4,0,600,600,10000,99,0,30,0,200,1000,0,2,1,2,,10,1,2,
10642,当方小隊の<i><color=black><size=20>黒</size></color></i>属性<i><color=#00ffffcc>全体</color></i>は反撃確率が<i><color=#00ffffcc>6%</color></i>上昇,当方小隊の<i><color=black><size=20>黒</size></color></i>属性<i><color=#00ffffcc>全体</color></i>は反撃確率が<i><color=#00ffffcc>6%</color></i>上昇,icon_skill_3,26,0,10,0,4,5,0,600,600,10000,99,0,30,0,200,1000,0,2,1,2,,10,1,2,
10742,当方小隊の<i><color=yellow><size=20>斬</size></color></i>属性<i><color=#00ffffcc>全体</color></i>は反撃確率が<i><color=#00ffffcc>6%</color></i>上昇,当方小隊の<i><color=yellow><size=20>斬</size></color></i>属性<i><color=#00ffffcc>全体</color></i>は反撃確率が<i><color=#00ffffcc>6%</color></i>上昇,icon_skill_3,26,0,10,0,4,6,0,600,600,10000,99,0,30,0,200,1000,0,2,1,2,,10,1,2,
10842,当方小隊の<i><color=#700000FF><size=20>壊</size></color></i>属性<i><color=#00ffffcc>全体</color></i>は反撃確率が<i><color=#00ffffcc>6%</color></i>上昇,当方小隊の<i><color=#700000FF><size=20>壊</size></color></i>属性<i><color=#00ffffcc>全体</color></i>は反撃確率が<i><color=#00ffffcc>6%</color></i>上昇,icon_skill_3,26,0,10,0,4,7,0,600,600,10000,99,0,30,0,200,1000,0,2,1,2,,10,1,2,
10942,当方小隊の<i><color=#9100FFFF><size=20>突</size></color></i>属性<i><color=#00ffffcc>全体</color></i>は反撃確率が<i><color=#00ffffcc>6%</color></i>上昇,当方小隊の<i><color=#9100FFFF><size=20>突</size></color></i>属性<i><color=#00ffffcc>全体</color></i>は反撃確率が<i><color=#00ffffcc>6%</color></i>上昇,icon_skill_3,26,0,10,0,4,8,0,600,600,10000,99,0,30,0,200,1000,0,2,1,2,,10,1,2,
43,当方小隊は<i><color=#00ffffcc>全部</color></i>忽略物理防御確率が<i><color=#00ffffcc>3%</color></i>上昇,当方小隊は<i><color=#00ffffcc>全部</color></i>忽略物理防御確率が<i><color=#00ffffcc>3%</color></i>上昇,icon_skill_3,28,0,10,0,4,-1,0,300,300,10000,99,0,30,0,200,1000,0,2,1,2,,10,1,2,
10043,当方小隊の<i><color=#00ffffcc>リーダー</color></i>は忽略物理防御確率が<i><color=#00ffffcc>6%</color></i>上昇,当方小隊の<i><color=#00ffffcc>リーダー</color></i>は忽略物理防御確率が<i><color=#00ffffcc>6%</color></i>上昇,icon_skill_3,28,0,10,0,5,-1,0,600,600,10000,99,0,30,0,200,1000,0,2,1,2,,10,1,2,
10143,当方小隊の<i><color=#00ffffcc>2体</color></i>は忽略物理防御確率が<i><color=#00ffffcc>6%</color></i>上昇,当方小隊の<i><color=#00ffffcc>2体</color></i>は忽略物理防御確率が<i><color=#00ffffcc>6%</color></i>上昇,icon_skill_3,28,0,10,0,4,-1,0,600,600,10000,2,0,30,0,200,1000,0,2,1,2,,10,1,2,
10243,当方小隊の<i><color=red><size=20>赤</size></color></i>属性<i><color=#00ffffcc>2体</color></i>は忽略物理防御確率が<i><color=#00ffffcc>6%</color></i>上昇,当方小隊の<i><color=red><size=20>赤</size></color></i>属性<i><color=#00ffffcc>2体</color></i>は忽略物理防御確率が<i><color=#00ffffcc>6%</color></i>上昇,icon_skill_3,28,0,10,0,4,1,0,600,600,10000,2,0,30,0,200,1000,0,2,1,2,,10,1,2,
10343,当方小隊の<i><color=green><size=20>緑</size></color></i>属性<i><color=#00ffffcc>全体</color></i>は忽略物理防御確率が<i><color=#00ffffcc>6%</color></i>上昇,当方小隊の<i><color=green><size=20>緑</size></color></i>属性<i><color=#00ffffcc>全体</color></i>は忽略物理防御確率が<i><color=#00ffffcc>6%</color></i>上昇,icon_skill_3,28,0,10,0,4,2,0,600,600,10000,99,0,30,0,200,1000,0,2,1,2,,10,1,2,
10443,当方小隊の<i><color=blue><size=20>青</size></color></i>属性<i><color=#00ffffcc>全体</color></i>は忽略物理防御確率が<i><color=#00ffffcc>6%</color></i>上昇,当方小隊の<i><color=blue><size=20>青</size></color></i>属性<i><color=#00ffffcc>全体</color></i>は忽略物理防御確率が<i><color=#00ffffcc>6%</color></i>上昇,icon_skill_3,28,0,10,0,4,3,0,600,600,10000,99,0,30,0,200,1000,0,2,1,2,,10,1,2,
10543,当方小隊の<i><color=white><size=20>白</size></color></i>属性<i><color=#00ffffcc>全体</color></i>は忽略物理防御確率が<i><color=#00ffffcc>6%</color></i>上昇,当方小隊の<i><color=white><size=20>白</size></color></i>属性<i><color=#00ffffcc>全体</color></i>は忽略物理防御確率が<i><color=#00ffffcc>6%</color></i>上昇,icon_skill_3,28,0,10,0,4,4,0,600,600,10000,99,0,30,0,200,1000,0,2,1,2,,10,1,2,
10643,当方小隊の<i><color=black><size=20>黒</size></color></i>属性<i><color=#00ffffcc>全体</color></i>は忽略物理防御確率が<i><color=#00ffffcc>6%</color></i>上昇,当方小隊の<i><color=black><size=20>黒</size></color></i>属性<i><color=#00ffffcc>全体</color></i>は忽略物理防御確率が<i><color=#00ffffcc>6%</color></i>上昇,icon_skill_3,28,0,10,0,4,5,0,600,600,10000,99,0,30,0,200,1000,0,2,1,2,,10,1,2,
10743,当方小隊の<i><color=yellow><size=20>斬</size></color></i>属性<i><color=#00ffffcc>全体</color></i>は忽略物理防御確率が<i><color=#00ffffcc>6%</color></i>上昇,当方小隊の<i><color=yellow><size=20>斬</size></color></i>属性<i><color=#00ffffcc>全体</color></i>は忽略物理防御確率が<i><color=#00ffffcc>6%</color></i>上昇,icon_skill_3,28,0,10,0,4,6,0,600,600,10000,99,0,30,0,200,1000,0,2,1,2,,10,1,2,
10843,当方小隊の<i><color=#700000FF><size=20>壊</size></color></i>属性<i><color=#00ffffcc>全体</color></i>は忽略物理防御確率が<i><color=#00ffffcc>6%</color></i>上昇,当方小隊の<i><color=#700000FF><size=20>壊</size></color></i>属性<i><color=#00ffffcc>全体</color></i>は忽略物理防御確率が<i><color=#00ffffcc>6%</color></i>上昇,icon_skill_3,28,0,10,0,4,7,0,600,600,10000,99,0,30,0,200,1000,0,2,1,2,,10,1,2,
10943,当方小隊の<i><color=#9100FFFF><size=20>突</size></color></i>属性<i><color=#00ffffcc>全体</color></i>は忽略物理防御確率が<i><color=#00ffffcc>6%</color></i>上昇,当方小隊の<i><color=#9100FFFF><size=20>突</size></color></i>属性<i><color=#00ffffcc>全体</color></i>は忽略物理防御確率が<i><color=#00ffffcc>6%</color></i>上昇,icon_skill_3,28,0,10,0,4,8,0,600,600,10000,99,0,30,0,200,1000,0,2,1,2,,10,1,2,
44,当方小隊は<i><color=#00ffffcc>全部</color></i>忽略魔法防御確率が<i><color=#00ffffcc>3%</color></i>上昇,当方小隊は<i><color=#00ffffcc>全部</color></i>忽略魔法防御確率が<i><color=#00ffffcc>3%</color></i>上昇,icon_skill_3,29,0,10,0,4,-1,0,300,300,10000,99,0,30,0,200,1000,0,2,1,2,,10,1,2,
10044,当方小隊の<i><color=#00ffffcc>リーダー</color></i>は忽略魔法防御確率が<i><color=#00ffffcc>6%</color></i>上昇,当方小隊の<i><color=#00ffffcc>リーダー</color></i>は忽略魔法防御確率が<i><color=#00ffffcc>6%</color></i>上昇,icon_skill_3,29,0,10,0,5,-1,0,600,600,10000,99,0,30,0,200,1000,0,2,1,2,,10,1,2,
10144,当方小隊の<i><color=#00ffffcc>2体</color></i>は忽略魔法防御確率が<i><color=#00ffffcc>6%</color></i>上昇,当方小隊の<i><color=#00ffffcc>2体</color></i>は忽略魔法防御確率が<i><color=#00ffffcc>6%</color></i>上昇,icon_skill_3,29,0,10,0,4,-1,0,600,600,10000,2,0,30,0,200,1000,0,2,1,2,,10,1,2,
10244,当方小隊の<i><color=red><size=20>赤</size></color></i>属性<i><color=#00ffffcc>2体</color></i>は忽略魔法防御確率が<i><color=#00ffffcc>6%</color></i>上昇,当方小隊の<i><color=red><size=20>赤</size></color></i>属性<i><color=#00ffffcc>2体</color></i>は忽略魔法防御確率が<i><color=#00ffffcc>6%</color></i>上昇,icon_skill_3,29,0,10,0,4,1,0,600,600,10000,2,0,30,0,200,1000,0,2,1,2,,10,1,2,
10344,当方小隊の<i><color=green><size=20>緑</size></color></i>属性<i><color=#00ffffcc>全体</color></i>は忽略魔法防御確率が<i><color=#00ffffcc>6%</color></i>上昇,当方小隊の<i><color=green><size=20>緑</size></color></i>属性<i><color=#00ffffcc>全体</color></i>は忽略魔法防御確率が<i><color=#00ffffcc>6%</color></i>上昇,icon_skill_3,29,0,10,0,4,2,0,600,600,10000,99,0,30,0,200,1000,0,2,1,2,,10,1,2,
10444,当方小隊の<i><color=blue><size=20>青</size></color></i>属性<i><color=#00ffffcc>全体</color></i>は忽略魔法防御確率が<i><color=#00ffffcc>6%</color></i>上昇,当方小隊の<i><color=blue><size=20>青</size></color></i>属性<i><color=#00ffffcc>全体</color></i>は忽略魔法防御確率が<i><color=#00ffffcc>6%</color></i>上昇,icon_skill_3,29,0,10,0,4,3,0,600,600,10000,99,0,30,0,200,1000,0,2,1,2,,10,1,2,
10544,当方小隊の<i><color=white><size=20>白</size></color></i>属性<i><color=#00ffffcc>全体</color></i>は忽略魔法防御確率が<i><color=#00ffffcc>6%</color></i>上昇,当方小隊の<i><color=white><size=20>白</size></color></i>属性<i><color=#00ffffcc>全体</color></i>は忽略魔法防御確率が<i><color=#00ffffcc>6%</color></i>上昇,icon_skill_3,29,0,10,0,4,4,0,600,600,10000,99,0,30,0,200,1000,0,2,1,2,,10,1,2,
10644,当方小隊の<i><color=black><size=20>黒</size></color></i>属性<i><color=#00ffffcc>全体</color></i>は忽略魔法防御確率が<i><color=#00ffffcc>6%</color></i>上昇,当方小隊の<i><color=black><size=20>黒</size></color></i>属性<i><color=#00ffffcc>全体</color></i>は忽略魔法防御確率が<i><color=#00ffffcc>6%</color></i>上昇,icon_skill_3,29,0,10,0,4,5,0,600,600,10000,99,0,30,0,200,1000,0,2,1,2,,10,1,2,
10744,当方小隊の<i><color=yellow><size=20>斬</size></color></i>属性<i><color=#00ffffcc>全体</color></i>は忽略魔法防御確率が<i><color=#00ffffcc>6%</color></i>上昇,当方小隊の<i><color=yellow><size=20>斬</size></color></i>属性<i><color=#00ffffcc>全体</color></i>は忽略魔法防御確率が<i><color=#00ffffcc>6%</color></i>上昇,icon_skill_3,29,0,10,0,4,6,0,600,600,10000,99,0,30,0,200,1000,0,2,1,2,,10,1,2,
10844,当方小隊の<i><color=#700000FF><size=20>壊</size></color></i>属性<i><color=#00ffffcc>全体</color></i>は忽略魔法防御確率が<i><color=#00ffffcc>6%</color></i>上昇,当方小隊の<i><color=#700000FF><size=20>壊</size></color></i>属性<i><color=#00ffffcc>全体</color></i>は忽略魔法防御確率が<i><color=#00ffffcc>6%</color></i>上昇,icon_skill_3,29,0,10,0,4,7,0,600,600,10000,99,0,30,0,200,1000,0,2,1,2,,10,1,2,
10944,当方小隊の<i><color=#9100FFFF><size=20>突</size></color></i>属性<i><color=#00ffffcc>全体</color></i>は忽略魔法防御確率が<i><color=#00ffffcc>6%</color></i>上昇,当方小隊の<i><color=#9100FFFF><size=20>突</size></color></i>属性<i><color=#00ffffcc>全体</color></i>は忽略魔法防御確率が<i><color=#00ffffcc>6%</color></i>上昇,icon_skill_3,29,0,10,0,4,8,0,600,600,10000,99,0,30,0,200,1000,0,2,1,2,,10,1,2,
45,当方小隊は<i><color=#00ffffcc>全部</color></i>必殺確率が<i><color=#00ffffcc>3%</color></i>上昇,当方小隊は<i><color=#00ffffcc>全部</color></i>必殺確率が<i><color=#00ffffcc>3%</color></i>上昇,icon_skill_3,30,0,10,0,4,-1,0,300,300,10000,99,0,30,0,200,1000,0,2,1,2,,10,1,2,
10045,当方小隊の<i><color=#00ffffcc>リーダー</color></i>は必殺確率が<i><color=#00ffffcc>6%</color></i>上昇,当方小隊の<i><color=#00ffffcc>リーダー</color></i>は必殺確率が<i><color=#00ffffcc>6%</color></i>上昇,icon_skill_3,30,0,10,0,5,-1,0,600,600,10000,99,0,30,0,200,1000,0,2,1,2,,10,1,2,
10145,当方小隊の<i><color=#00ffffcc>2体</color></i>は必殺確率が<i><color=#00ffffcc>6%</color></i>上昇,当方小隊の<i><color=#00ffffcc>2体</color></i>は必殺確率が<i><color=#00ffffcc>6%</color></i>上昇,icon_skill_3,30,0,10,0,4,-1,0,600,600,10000,2,0,30,0,200,1000,0,2,1,2,,10,1,2,
10245,当方小隊の<i><color=red><size=20>赤</size></color></i>属性<i><color=#00ffffcc>2体</color></i>は必殺確率が<i><color=#00ffffcc>6%</color></i>上昇,当方小隊の<i><color=red><size=20>赤</size></color></i>属性<i><color=#00ffffcc>2体</color></i>は必殺確率が<i><color=#00ffffcc>6%</color></i>上昇,icon_skill_3,30,0,10,0,4,1,0,600,600,10000,2,0,30,0,200,1000,0,2,1,2,,10,1,2,
10345,当方小隊の<i><color=green><size=20>緑</size></color></i>属性<i><color=#00ffffcc>全体</color></i>は必殺確率が<i><color=#00ffffcc>6%</color></i>上昇,当方小隊の<i><color=green><size=20>緑</size></color></i>属性<i><color=#00ffffcc>全体</color></i>は必殺確率が<i><color=#00ffffcc>6%</color></i>上昇,icon_skill_3,30,0,10,0,4,2,0,600,600,10000,99,0,30,0,200,1000,0,2,1,2,,10,1,2,
10445,当方小隊の<i><color=blue><size=20>青</size></color></i>属性<i><color=#00ffffcc>全体</color></i>は必殺確率が<i><color=#00ffffcc>6%</color></i>上昇,当方小隊の<i><color=blue><size=20>青</size></color></i>属性<i><color=#00ffffcc>全体</color></i>は必殺確率が<i><color=#00ffffcc>6%</color></i>上昇,icon_skill_3,30,0,10,0,4,3,0,600,600,10000,99,0,30,0,200,1000,0,2,1,2,,10,1,2,
10545,当方小隊の<i><color=white><size=20>白</size></color></i>属性<i><color=#00ffffcc>全体</color></i>は必殺確率が<i><color=#00ffffcc>6%</color></i>上昇,当方小隊の<i><color=white><size=20>白</size></color></i>属性<i><color=#00ffffcc>全体</color></i>は必殺確率が<i><color=#00ffffcc>6%</color></i>上昇,icon_skill_3,30,0,10,0,4,4,0,600,600,10000,99,0,30,0,200,1000,0,2,1,2,,10,1,2,
10645,当方小隊の<i><color=black><size=20>黒</size></color></i>属性<i><color=#00ffffcc>全体</color></i>は必殺確率が<i><color=#00ffffcc>6%</color></i>上昇,当方小隊の<i><color=black><size=20>黒</size></color></i>属性<i><color=#00ffffcc>全体</color></i>は必殺確率が<i><color=#00ffffcc>6%</color></i>上昇,icon_skill_3,30,0,10,0,4,5,0,600,600,10000,99,0,30,0,200,1000,0,2,1,2,,10,1,2,
10745,当方小隊の<i><color=yellow><size=20>斬</size></color></i>属性<i><color=#00ffffcc>全体</color></i>は必殺確率が<i><color=#00ffffcc>6%</color></i>上昇,当方小隊の<i><color=yellow><size=20>斬</size></color></i>属性<i><color=#00ffffcc>全体</color></i>は必殺確率が<i><color=#00ffffcc>6%</color></i>上昇,icon_skill_3,30,0,10,0,4,6,0,600,600,10000,99,0,30,0,200,1000,0,2,1,2,,10,1,2,
10845,当方小隊の<i><color=#700000FF><size=20>壊</size></color></i>属性<i><color=#00ffffcc>全体</color></i>は必殺確率が<i><color=#00ffffcc>6%</color></i>上昇,当方小隊の<i><color=#700000FF><size=20>壊</size></color></i>属性<i><color=#00ffffcc>全体</color></i>は必殺確率が<i><color=#00ffffcc>6%</color></i>上昇,icon_skill_3,30,0,10,0,4,7,0,600,600,10000,99,0,30,0,200,1000,0,2,1,2,,10,1,2,
10945,当方小隊の<i><color=#9100FFFF><size=20>突</size></color></i>属性<i><color=#00ffffcc>全体</color></i>は必殺確率が<i><color=#00ffffcc>6%</color></i>上昇,当方小隊の<i><color=#9100FFFF><size=20>突</size></color></i>属性<i><color=#00ffffcc>全体</color></i>は必殺確率が<i><color=#00ffffcc>6%</color></i>上昇,icon_skill_3,30,0,10,0,4,8,0,600,600,10000,99,0,30,0,200,1000,0,2,1,2,,10,1,2,
11045,</i>必殺確率が<i><color=#00ffffcc>99%</color></i>上昇,</i>必殺確率が<i><color=#00ffffcc>99%</color></i>上昇,icon_skill_3,30,0,0,0,4,8,0,9900,9900,10000,99,0,30,0,200,1000,0,2,1,2,,10,1,2,
46,当方小隊は<i><color=#00ffffcc>全部</color></i>「奨励攻撃」の確率が<color=#00ffffcc>30%</color>アップする,当方小隊は<i><color=#00ffffcc>全部</color></i>「奨励攻撃」の確率が<color=#00ffffcc>30%</color>アップする,icon_skill_3,31,0,10,0,4,-1,0,3000,3000,10000,8,0,30,0,200,1000,0,2,1,2,,10,1,2,
10046,100%確率「奨励攻撃」の確率が30%アップする,100%確率「奨励攻撃」の確率が30%アップする,icon_skill_3,31,0,0,0,4,-1,0,3000,3000,10000,8,0,30,0,200,1000,0,2,1,2,,10,1,2,